pattern_ip,pattern_length,text_ip,text_length,naive_stream_match_count,naive_stream_time_sec,naive_stream_comparisons,naive_stream_mem_peak_mib,kmp_stream_match_count,kmp_stream_time_sec,kmp_stream_comparisons,kmp_stream_mem_peak_mib,naive_normal_match_count,naive_normal_time_sec,naive_normal_comparisons,naive_normal_mem_peak_mib,kmp_normal_match_count,kmp_normal_time_sec,kmp_normal_comparisons,kmp_normal_mem_peak_mib,kmp_vs_naive_stream_speedup_time,kmp_vs_naive_stream_reduction_comps,kmp_normal_vs_naive_normal_speedup_time,kmp_normal_vs_naive_normal_reduction_comps,naive_normal_vs_stream_speedup_time,naive_normal_vs_stream_reduction_comps,kmp_normal_vs_stream_speedup_time,kmp_normal_vs_stream_reduction_comps
1,7,0,10000,0,0.16351016599219292,15304,53.71875,0,0.8141567079583183,6,53.71875,0,0.8555480840150267,15304,53.78125,0,0.7765597919933498,11415,53.78125,0.20083377609481542,2550.6666666666665,1.1017156603214313,1.3406920718353044,0.19111744745526316,1.0,1.0484147085035926,0.0005256241787122207
1,7,1,50000,36606,0.17812379205133766,307115,54.890625,36606,0.16146083403145894,60716,56.265625,36606,0.16771712497575209,307115,57.390625,36606,0.15938500000629574,60716,58.796875,1.1032012383673933,5.058221885499703,1.0522767196983858,5.058221885499703,1.0620489236092625,1.0,1.013024023748039,1.0
1,7,2,100000,38040,0.19467708299634978,438015,58.84375,38040,0.16798087500501424,136964,59.921875,38040,0.1743822080316022,438015,60.125,38040,0.16207049996592104,130442,60.140625,1.15892409174877,3.1980301393066792,1.0759651390491791,3.357929194584566,1.1163815689331658,1.0,1.036467926244048,1.0499992333757533
1,7,3,50000,0,0.17607024998869747,49994,60.140625,0,0.16875937499571592,50006,60.140625,0,0.16163162502925843,49994,60.140625,0,0.15729062497848645,50006,60.140625,1.0433212969244947,0.9997600287965445,1.0275985936947336,0.9997600287965445,1.0893304448113132,1.0,1.0729143902810363,1.0
1,7,4,50000,0,0.17488308297470212,77313,60.140625,0,0.16382462496403605,69188,60.140625,0,0.17908141697989777,77313,60.140625,0,0.16020220902282745,56400,60.140625,1.0675018057455874,1.1174336590160143,1.1178461150581276,1.3707978723404255,0.9765562833039962,1.0,1.0226115230451813,1.2267375886524823
1,7,5,10000,0,0.15861733397468925,9994,60.140625,0,0.7608057089964859,6,60.140625,0,0.7617853339761496,9994,60.140625,0,0.7674165419884957,10006,60.140625,0.2084859933344978,1665.6666666666667,0.9926621232352448,0.998800719568259,0.20821788882017953,1.0,0.9913856000876915,0.0005996402158704777
1,7,6,100000,0,0.18187462503556162,99994,60.140625,0,0.16726987500442192,100006,60.140625,0,0.16442650003591552,99994,60.140625,0,0.16406070900848135,100006,60.140625,1.0873124944390233,0.999880007199568,1.00222960774487,0.999880007199568,1.1061150422579993,1.0,1.0195608443687432,1.0
1,7,7,50000,0,0.16638037498341873,52713,60.140625,0,0.1631850419798866,52181,60.140625,0,0.1611140000168234,52713,60.140625,0,0.16047324996907264,50550,60.140625,1.0195810410363837,1.0101952818075546,1.0039928776158908,1.0427893175074183,1.0326872585004743,1.0,1.0168987168349652,1.032265084075173
1,7,8,10000,0,0.16020529199158773,15747,60.140625,0,0.7564845409942791,6,60.140625,0,0.7618412090232596,15747,60.140625,0,0.7599350000382401,11526,60.140625,0.21177602886771915,2624.5,1.002508384249868,1.366215512753774,0.21028698644036797,1.0,0.9954595339814756,0.0005205622071837585
1,7,9,100000,0,0.19207045901566744,205429,60.140625,0,0.16644800000358373,146746,60.140625,0,0.16462058399338275,205429,60.140625,0,0.1666859170072712,129355,60.140625,1.1539367190445788,1.39989505676475,0.9876094330524734,1.5881025086003633,1.16674631055487,1.0,0.9985726628382343,1.1344439720149975
1,7,10,100000,0,0.19243250001454726,205429,60.140625,0,0.17185287503525615,146746,60.140625,0,0.17029029096011072,205429,60.140625,0,0.16734754102071747,129355,60.140625,1.1197514151280223,1.39989505676475,1.017584661964223,1.5881025086003633,1.1300262565152537,1.0,1.0269220210052619,1.1344439720149975
1,7,11,50000,0,0.17049212497659028,49994,60.140625,0,0.16324274998623878,50006,60.140625,0,0.1606590420124121,49994,60.140625,0,0.16045658302027732,50006,60.140625,1.0444085571393682,0.9997600287965445,1.0012617680641323,0.9997600287965445,1.061204665738132,1.0,1.0173639928852865,1.0
1,7,12,100000,0,0.18654883303679526,105429,60.140625,0,0.16857308300677687,104354,60.140625,0,0.16057250002631918,105429,60.140625,0,0.16494483401766047,101093,60.140625,1.1066347587016352,1.0103014738294651,0.9734921434952418,1.0428911991928225,1.1617732364272733,1.0,1.0219967421879241,1.032257426330211
1,7,13,10000,0,0.15900225000223145,15304,60.140625,0,0.7590805829968303,6,60.140625,0,0.762394083023537,15304,60.140625,0,0.761275792028755,11415,60.140625,0.20946689134702237,2550.6666666666665,1.001468969598786,1.3406920718353044,0.2085565110522017,1.0,0.99711640767392,0.0005256241787122207
1,7,14,50000,0,0.16888366598868743,78788,60.140625,0,0.15789699996821582,69024,60.140625,0,0.16205774998525158,78788,60.140625,0,0.1622264999896288,57612,60.140625,1.0695812208128286,1.141458043579045,0.9989597876771797,1.367562313406929,1.0421202688798101,1.0,0.9733120049949314,1.1980837325557177
1,7,15,100000,0,0.189007707987912,157599,60.140625,0,0.17047262500273064,138049,60.140625,0,0.16220412502298132,157599,60.140625,0,0.16675100004067644,115223,60.140625,1.108727621134974,1.1416163825887908,0.9727325472315849,1.3677737951624243,1.1652460007483356,1.0,1.0223184566278245,1.1981028093349417
1,7,16,50000,36606,0.18102074996568263,307115,60.140625,36606,0.16052437498001382,60716,60.140625,36606,0.16590120794717222,307115,60.140625,36606,0.16158387501491234,60716,60.421875,1.127683879711232,5.058221885499703,1.0267188352294525,5.058221885499703,1.0911358163427292,1.0,0.9934430336269585,1.0
1,7,17,100000,0,0.19446212495677173,205429,60.421875,0,0.1656995000084862,146746,60.421875,0,0.16485008300514892,205429,60.421875,0,0.1685717499931343,129355,60.421875,1.173583052132399,1.39989505676475,0.9779223565743551,1.5881025086003633,1.179630130672715,1.0,0.9829612613930563,1.1344439720149975
1,7,18,100000,0,0.18725333298789337,99994,60.421875,0,0.16874791600275785,100006,60.421875,0,0.16603154101176187,99994,60.421875,0,0.15856524999253452,100006,60.421875,1.109663084578971,0.999880007199568,1.0470865528202358,0.999880007199568,1.1278178341706058,1.0,1.0642175130471698,1.0
1,7,19,10000,0,0.1598593330127187,15304,60.421875,0,0.7778972499654628,6,60.421875,0,0.7946735000004992,15304,60.421875,0,0.7571543750236742,11415,60.421875,0.20550186161452064,2550.6666666666665,1.0495528074782,1.3406920718353044,0.20116353824887617,1.0,1.0273958331696096,0.0005256241787122207
1,7,20,50000,19019,0.17359824996674433,218995,60.421875,19019,0.1604567079921253,68483,60.421875,19019,0.1628231669892557,218995,60.421875,19019,0.15711666701827198,65222,60.4375,1.0819008574902582,3.197800914095469,1.0363201440005094,3.3576860568519824,1.066176596222328,1.0,1.0212583492078844,1.0499984667750146
1,7,21,100000,0,0.18829483300214633,105429,60.4375,0,0.16313900001114234,104354,60.4375,0,0.1609693750506267,105429,60.4375,0,0.1609113750164397,101093,60.4375,1.154198769082107,1.0103014738294651,1.00036044707331,1.0428911991928225,1.1697556317338342,1.0,1.0138438006292287,1.032257426330211
1,7,22,10000,0,0.16131737496471033,10538,60.4375,0,0.7440667500486597,6,60.4375,0,0.7548279170296155,10538,60.4375,0,0.7595839170389809,10115,60.4375,0.21680497744881175,1756.3333333333333,0.9937386773170431,1.0418190805734058,0.21371410797778043,1.0,0.9795714908619836,0.0005931784478497281
1,7,23,100000,0,0.1854751250357367,154637,60.4375,0,0.17243287502788007,138376,60.4375,0,0.16361916699679568,154637,60.4375,0,0.16104508301941678,112794,60.4375,1.0756366789438956,1.1175131525698099,1.0159836235240325,1.370968313917407,1.133578225828329,1.0,1.0707118267441316,1.2268028441229144
1,7,24,100000,0,0.18830537499161437,99994,60.4375,0,0.16355691599892452,100006,60.4375,0,0.16064529202412814,99994,60.4375,0,0.16740691696759313,100006,60.4375,1.1513140477217887,0.999880007199568,0.9596096441775227,0.999880007199568,1.1721810992340307,1.0,0.9770021392281306,1.0
1,7,25,50000,19019,0.17367533402284607,218995,60.453125,19019,0.15989050001371652,68483,60.609375,19019,0.1695740839932114,218995,60.609375,19019,0.16384337499039248,65222,60.765625,1.0862142154033354,3.197800914095469,1.0349767514442068,3.3576860568519824,1.0241855944791591,1.0,0.9758740627937642,1.0499984667750146
1,7,26,10000,0,0.16126724996138364,10538,60.765625,0,0.7590510830050334,6,60.765625,0,0.7636456249747425,10538,60.765625,0,0.7586618749774061,10115,60.765625,0.2124590209698894,1756.3333333333333,1.006569131996365,1.0418190805734058,0.2111807423328295,1.0,1.000513019093834,0.0005931784478497281
1,7,27,10000,0,0.16253308398881927,20544,60.765625,0,0.7550790410023183,6,60.765625,0,0.7730750420014374,20544,60.765625,0,0.7596595829818398,12944,60.765625,0.2152530730730748,3424.0,1.01765982990294,1.5871446229913473,0.21024231175285707,1.0,0.9939702702603423,0.0004635352286773795
1,7,28,50000,0,0.16885066701797768,76611,60.765625,0,0.1600592089816928,66848,60.765625,0,0.16553779097739607,76611,60.765625,0,0.15828908298863098,57067,60.765625,1.0549262869173022,1.1460477501196744,1.0457941119621352,1.342474635078066,1.0200128080785733,1.0,1.011182868455868,1.1713950268982074
1,7,29,50000,0,0.1680447499966249,76611,60.765625,0,0.16621054103598,66848,60.765625,0,0.15869349997956306,76611,60.765625,0,0.1580568749923259,57067,60.765625,1.0110354550873393,1.1460477501196744,1.0040278221827938,1.342474635078066,1.0589264841865993,1.0,1.051586911635764,1.1713950268982074
1,7,30,50000,0,0.17645962501410395,102720,60.765625,0,0.16086791700217873,73381,60.765625,0,0.1606580829829909,102720,60.765625,0,0.16447770898230374,64684,60.765625,1.0969224212166186,1.3998173914228478,0.9767772421992831,1.5880279512707933,1.098355101328988,1.0,0.9780530018173259,1.1344536515985406
1,7,31,10000,0,0.16249870898900554,9994,60.765625,0,0.7547567919827998,6,60.765625,0,0.7670456249616109,9994,60.765625,0,0.7694460829952732,10006,60.765625,0.21529943249945438,1665.6666666666667,0.9968802777911119,0.998800719568259,0.2118501216888347,1.0,0.9809092653311179,0.0005996402158704777
1,7,32,100000,0,0.1844881660072133,99994,60.765625,0,0.16422895796131343,100006,60.765625,0,0.16060950001701713,99994,60.765625,0,0.16027154197217897,100006,60.765625,1.1233595359636406,0.999880007199568,1.0021086590961783,0.999880007199568,1.1486753024426708,1.0,1.0246919443117444,1.0
1,7,33,50000,0,0.17489258397836238,78788,60.765625,0,0.16607583302538842,69024,60.765625,0,0.15878420899389312,78788,60.765625,0,0.16360137501033023,57612,60.765625,1.053088705276138,1.141458043579045,0.9705554674211452,1.367562313406929,1.1014482175937834,1.0,1.015124921871237,1.1980837325557177
1,7,34,10000,0,0.15458720899187028,9994,60.765625,0,0.7581337089650333,6,60.765625,0,0.7777029579738155,9994,60.765625,0,0.7648850419791415,10006,60.765625,0.203904940729921,1665.6666666666667,1.016757963996142,0.998800719568259,0.19877410444036794,1.0,0.9911734016962351,0.0005996402158704777
1,7,35,100000,0,0.18379287503194064,99994,60.765625,0,0.16539162502158433,100006,60.765625,0,0.16235662502003834,99994,60.765625,0,0.1675492919748649,100006,60.765625,1.1112586565852707,0.999880007199568,0.9690081235580181,0.999880007199568,1.13203187741342,1.0,0.9871221959350073,1.0
1,7,36,10000,3801,0.1639547090162523,43757,60.765625,0,0.7704476660001092,6,60.765625,3801,0.7663813750259578,43757,60.765625,3801,0.7777380830375478,13043,60.765625,0.2128044723237945,7292.833333333333,0.9853977730301762,3.3548263436326,0.21393357714453728,1.0,0.9906261282603457,0.0004600168672851338
1,7,37,50000,0,0.16864608298055828,49994,60.765625,0,0.1655235419748351,50006,60.765625,0,0.15676229097880423,49994,60.765625,0,0.15773233398795128,50006,60.765625,1.018864633806579,0.9997600287965445,0.9938500687549507,0.9997600287965445,1.0758077208973735,1.0,1.0493951226733194,1.0
1,7,38,100000,0,0.186415207979735,157599,60.765625,0,0.16650950000621378,138049,60.765625,0,0.1704825830529444,157599,60.765625,0,0.1634990000165999,115223,60.765625,1.1195469806394132,1.1416163825887908,1.0427133073329835,1.3677737951624243,1.0934560272461535,1.0,1.0184129565887756,1.1981028093349417
1,7,39,50000,36606,0.18446954200044274,307115,60.875,36606,0.16764862497802824,60716,60.875,36606,0.16813425003783777,307115,61.15625,36606,0.1639082909678109,60716,61.25,1.1003343571986888,5.058221885499703,1.025782460698445,5.058221885499703,1.097156242460586,1.0,1.0228196754912897,1.0
1,7,40,10000,0,0.15716829197481275,15747,61.25,0,0.7660564580000937,6,61.25,0,0.7670213750097901,15747,61.25,0,0.7641051250393502,11526,61.25,0.20516541611714148,2624.5,1.003816555961838,1.366215512753774,0.20490731692165254,1.0,1.002553749342596,0.0005205622071837585
1,7,41,50000,19019,0.17668508394854143,218995,61.25,19019,0.16242337500443682,68483,61.25,19019,0.1639709579758346,218995,61.25,19019,0.15919124998617917,65222,61.25,1.0878057665266163,3.197800914095469,1.0300249416351113,3.3576860568519824,1.0775388893841833,1.0,1.0203034087522918,1.0499984667750146
1,7,42,100000,0,0.1882227499736473,153240,61.25,0,0.17358674999559298,133696,61.25,0,0.1717976660002023,153240,61.25,0,0.16845816699787974,114132,61.25,1.084315190983332,1.1461823839157492,1.0198239068003427,1.342655872148039,1.0956071427269893,1.0,1.0304442526540003,1.1714155539200224
5,7,0,10000,0,0.1568403749843128,10212,61.25,0,0.7693933330010623,6,61.25,0,0.7695258750463836,10212,61.25,0,0.7617538750055246,10006,61.25,0.2038494073928975,1702.0,1.0102027706006782,1.0205876474115532,0.20381429666008197,1.0,1.0100287747082117,0.0005996402158704777
5,7,1,50000,0,0.17500987503444776,50886,61.25,0,0.15921474999049678,50898,61.25,0,0.15796254196902737,50886,61.25,0,0.15767899999627843,50006,61.25,1.0992064180290693,0.9997642343510551,1.0017982227992037,1.0175978882534096,1.1079200983532094,1.0,1.0097397243403028,1.0178378594568651
5,7,2,100000,0,0.18901658296817914,99994,61.25,0,0.17020474997116253,100006,61.25,0,0.16198820801218972,99994,61.25,0,0.1627093330025673,100006,61.25,1.1105247238999139,0.999880007199568,0.9955680170456712,0.999880007199568,1.1668539660242152,1.0,1.046066300133361,1.0
5,7,3,50000,25843,0.17656350001925603,269078,61.28125,25843,0.16704245802247897,69664,61.28125,25843,0.16734433401143178,269078,61.28125,25843,0.15934216603636742,68540,61.28125,1.0569977364407306,3.862511483693156,1.0502200275929348,3.925853516194923,1.0550909958337427,1.0,1.0483255134385085,1.0163991829588561
5,7,4,50000,0,0.1703046669717878,50575,61.28125,0,0.16103891702368855,50587,61.28125,0,0.1583155420375988,50575,61.28125,0,0.1574741670046933,50006,61.28125,1.0575373339522414,0.9997627849052128,1.0053429400447655,1.0113786345638522,1.0757292984623184,1.0,1.0226370463600485,1.011618605767308
5,7,5,10000,2533,0.15891304099932313,42054,61.28125,0,0.7624822499928996,6,61.28125,2533,0.7828236669884063,42054,61.28125,2533,0.7743959170184098,14783,61.28125,0.208415397211939,7009.0,1.0108829989735033,2.844754109450044,0.20299979126931103,1.0,0.9846155348140517,0.0004058716092809308
5,7,6,100000,29213,0.19771383301122114,430331,61.28125,29213,0.1723181669949554,152818,61.28125,29213,0.17700233298819512,430331,61.28125,29213,0.16660866601159796,143829,61.28125,1.1473766025900751,2.8159706317318642,1.062383711636426,2.9919626779022312,1.1170125821132952,1.0,1.0342689316230405,1.0624978272810073
5,7,7,50000,0,0.17553008400136605,59783,61.28125,0,0.16612779203569517,55988,61.28125,0,0.1649056249880232,59783,61.28125,0,0.16384091699728742,52182,61.28125,1.0565967430883008,1.067782381938987,1.0064984254864333,1.1456632555287263,1.0644275112757038,1.0,1.0139578994082754,1.0729370280939787
5,7,8,10000,0,0.15610104199731722,11083,61.28125,0,0.7609344580559991,6,61.28125,0,0.7704884580452926,11083,61.28125,0,0.767278749961406,10224,61.28125,0.20514387322676528,1847.1666666666667,1.0041832359935006,1.0840179968701096,0.2026001043459381,1.0,0.9917314380129438,0.0005868544600938967
5,7,9,100000,0,0.1899629170075059,102167,61.28125,0,0.16720104200066999,102179,61.28125,0,0.16311504103941843,102167,61.28125,0,0.16717591701308265,100006,61.28125,1.1361347676693587,0.99988255903855,0.9757089654645266,1.0216087034777914,1.1645947289532876,1.0,1.0001502907119413,1.0217286962782233
5,7,10,100000,0,0.1844077089917846,102167,61.28125,0,0.16550441697472706,102179,61.28125,0,0.16300733399111778,102167,61.28125,0,0.16769874998135492,100006,61.28125,1.1142162388327324,0.99988255903855,0.9720247408477478,1.0216087034777914,1.131284737175279,1.0,0.9869150306315829,1.0217286962782233
5,7,11,50000,12682,0.17533283296506852,210412,61.28125,12682,0.16204841702710837,79112,61.28125,12682,0.17042304098140448,210412,61.28125,12682,0.16129575000377372,73887,61.28125,1.081978066689401,2.659672363231874,1.0565872998973451,2.8477540027339043,1.0288094377109476,1.0,1.0046663785209284,1.0707160934941193
5,7,12,100000,0,0.18803420796757564,119560,61.28125,0,0.16696308401878923,111963,61.28125,0,0.16915329196490347,119560,61.28125,0,0.16289733303710818,104354,61.28125,1.1262022923966544,1.0678527727910112,1.0384043054060939,1.1457155451635779,1.1116201510674095,1.0,1.024958978185081,1.0729152691799069
5,7,13,10000,0,0.15821212501032278,10212,61.28125,0,0.7642144580022432,6,61.28125,0,0.766339624999091,10212,61.28125,0,0.7698007500148378,10006,61.28125,0.20702582024411056,1702.0,0.9955038690002834,1.0205876474115532,0.20645170868009133,1.0,0.9927431974930045,0.0005996402158704777
5,7,14,50000,0,0.17127158300718293,55429,61.28125,0,0.16080141701968387,54354,61.28125,0,0.1586285830126144,55429,61.28125,0,0.16299933299887925,51093,61.28125,1.0651123987683355,1.0197777532472312,0.9731854731804644,1.0848648542853228,1.079701903367334,1.0,0.9865157977105925,1.063824790088662
5,7,15,100000,0,0.1903907079831697,110864,61.28125,0,0.1659343329956755,108702,61.28125,0,0.16825291595887393,110864,61.28125,0,0.16262262500822544,102180,61.28125,1.147385863708697,1.0198892384684735,1.0346218181533087,1.0849872773536895,1.1315744924724331,1.0,1.0203643741901385,1.0638285378743395
5,7,16,50000,0,0.16939170798286796,50886,61.28125,0,0.1608136249706149,50898,61.28125,0,0.15910479094600305,50886,61.28125,0,0.15946945804171264,50006,61.28125,1.0533417676134127,0.9997642343510551,0.997713248040172,1.0175978882534096,1.0646549797507736,1.0,1.0084289928956218,1.0178378594568651
5,7,17,100000,0,0.18600674998015165,102167,61.28125,0,0.16613658296409994,102179,61.28125,0,0.16361462499480695,102167,61.28125,0,0.16213933296967298,100006,61.28125,1.1196013945967904,0.99988255903855,1.0090989151004457,1.0216087034777914,1.1368589451343694,1.0,1.0246531789740039,1.0217286962782233
5,7,18,100000,29213,0.20293479197425768,430331,61.28125,29213,0.17591099999845028,152818,61.28125,29213,0.17798899998888373,430331,61.28125,29213,0.16772274998947978,143829,61.5,1.1536219564214032,2.8159706317318642,1.0612096450842112,2.9919626779022312,1.1401535599780432,1.0,1.048820151169022,1.0624978272810073
5,7,19,10000,0,0.16363154095597565,10212,61.5,0,0.8076054169796407,6,61.5,0,0.803126540966332,10212,61.5,0,0.7756336670136079,10006,61.5,0.20261322858375616,1702.0,1.0354456944327581,1.0205876474115532,0.20374316201665074,1.0,1.0412201678778752,0.0005996402158704777
5,7,20,50000,0,0.17074924998451024,49994,61.5,0,0.165971249982249,50006,61.5,0,0.1614692920120433,49994,61.5,0,0.163334125012625,50006,61.5,1.028788118440828,0.9997600287965445,0.9885827104382653,0.9997600287965445,1.0574719679316782,1.0,1.0161455848214214,1.0
5,7,21,100000,0,0.1866351249627769,119560,61.5,0,0.16688183299265802,111963,61.5,0,0.16966099996352568,119560,61.5,0,0.16822987503837794,104354,61.5,1.118366940342679,1.0678527727910112,1.0085069606383603,1.1457155451635779,1.1000473002216207,1.0,0.991986904552997,1.0729152691799069
5,7,22,10000,0,0.15669400000479072,11954,61.5,0,0.770263500045985,6,61.5,0,0.7717012919601984,11954,61.5,0,0.7686637910082936,10442,61.5,0.2034290862742893,1992.3333333333333,1.00395166389706,1.144799846772649,0.2030500682547418,1.0,1.0020811557099534,0.0005746025665581306
5,7,23,100000,0,0.18584195798030123,101157,61.5,0,0.16656074998900294,101169,61.5,0,0.16316987498430535,101157,61.5,0,0.1666328749852255,100006,61.5,1.1157608139526949,0.9998813865907541,0.9792177863988292,1.0115093094414336,1.1389477254804332,1.0,0.9995671622647755,1.0116293022418654
5,7,24,100000,51690,0.20582249999279156,538201,61.5,51690,0.1769658750272356,139326,61.5625,51690,0.1824448750121519,538201,61.875,51690,0.16624312504427508,137079,63.0,1.1630632174768996,3.8628899128662275,1.0974581653440516,3.9262104333997185,1.1281352791032502,1.0,1.0645004115514838,1.0163920075285056
5,7,25,50000,0,0.1712790000019595,49994,63.0,0,0.16558279102900997,50006,63.0,0,0.1591442500357516,49994,63.0,0,0.15872883301926777,50006,62.0,1.0344009720910645,0.9997600287965445,1.002617149062221,0.9997600287965445,1.0762500056614162,1.0,1.0431802961022854,1.0
5,7,26,10000,0,0.1621783750015311,11954,62.0,0,0.7716545840376057,6,62.0,0,0.781483833969105,11954,62.0,0,0.7776983749936335,10442,62.0,0.2101696514947775,1992.3333333333333,1.0048675156039801,1.144799846772649,0.20752620585615672,1.0,0.9922286182530891,0.0005746025665581306
5,7,27,10000,0,0.1634505830006674,10211,62.0,0,0.7711613330175169,6,62.0,0,0.7783189999754541,10211,62.0,0,0.7701389159774408,10006,62.0,0.2119538104446876,1701.8333333333333,1.0106215694705303,1.0204877073755747,0.21000461636658255,1.0,1.0013275748295078,0.0005996402158704777
5,7,28,50000,0,0.1748177499976009,51082,62.0,0,0.16522512497613207,51094,62.0,0,0.1644968330510892,51082,62.0,0,0.15760579204652458,50006,62.0,1.0580579074935157,0.999765138763847,1.0437232725719268,1.0215174179098507,1.0627423443666315,1.0,1.0483442444003472,1.0217573891133065
5,7,29,50000,0,0.17512504197657108,51082,62.0,0,0.16584558394970372,51094,62.0,0,0.16346279199933633,51082,62.0,0,0.16417324997019023,50006,62.0,1.0559523974402691,0.999765138763847,0.9956725107714997,1.0215174179098507,1.0713449821491003,1.0,1.0101863974783782,1.0217573891133065
5,7,30,50000,0,0.17453962500439957,51080,62.0,0,0.15946324996184558,51092,62.0,0,0.16328958299709484,51080,62.0,0,0.1579921660013497,50006,62.0,1.0945445113288566,0.9997651295701871,1.033529618143851,1.0214774227092749,1.0688962627059002,1.0,1.0093111196442697,1.0217173939127304
5,7,31,10000,2533,0.15899133298080415,42054,62.0,0,0.7812244590022601,6,62.0,2533,0.7800047499476932,42054,62.03125,2533,0.7762160840211436,14783,62.046875,0.20351555964320386,7009.0,1.0048809423104488,2.844754109450044,0.20383380100116832,1.0,1.0064522947723151,0.0004058716092809308
5,7,32,100000,25371,0.20222516701323912,420868,62.046875,25371,0.1726066669798456,158212,62.046875,25371,0.1816445420263335,420868,62.046875,25371,0.17074425000464544,147764,62.046875,1.1715953418928593,2.6601522008444367,1.0638398776028564,2.848244497983271,1.1133016426330167,1.0,1.0109076409609665,1.0707073441433637
5,7,33,50000,0,0.17019400000572205,55429,62.046875,0,0.16054766700835899,54354,62.046875,0,0.1591277080005966,55429,62.046875,0,0.16483666701242328,51093,62.046875,1.0600839188579478,1.0197777532472312,0.9653659642887805,1.0848648542853228,1.0695434638264503,1.0,0.973980303764932,1.063824790088662
5,7,34,10000,2533,0.1641059159883298,42054,62.046875,0,0.7817096670041792,6,62.046875,2533,0.7874846669728868,42054,62.0625,2533,0.784730541985482,14783,62.078125,0.20993205395201087,7009.0,1.0035096441900127,2.844754109450044,0.20839252225590316,1.0,0.9961504302181746,0.0004058716092809308
5,7,35,100000,51690,0.20763058395823464,538201,62.078125,51690,0.171988166985102,139326,62.078125,51690,0.18764366599498317,538201,62.328125,51690,0.17027670802781358,137079,63.328125,1.207237611737673,3.8628899128662275,1.1019925635650227,3.9262104333997185,1.10651528180965,1.0,1.0100510456016618,1.0163920075285056
5,7,36,10000,0,0.16327566700056195,9994,63.328125,0,0.7710154160158709,6,63.328125,0,0.7906042080139741,9994,63.328125,0,0.78382137499284,10006,63.328125,0.21176705887966452,1665.6666666666667,1.0086535443374405,0.998800719568259,0.20652010872888754,1.0,0.9836621462675905,0.0005996402158704777
5,7,37,50000,12682,0.1765965839731507,210412,63.328125,12682,0.16867237497353926,79112,63.328125,12682,0.17091612500371411,210412,63.328125,12682,0.16049179196124896,73887,63.328125,1.0469798863083215,2.659672363231874,1.0649524372248402,2.8477540027339043,1.0332353601470496,1.0,1.0509719712910024,1.0707160934941193
5,7,38,100000,0,0.1878611670108512,110864,63.328125,0,0.17156662500929087,108702,63.328125,0,0.1702801669598557,110864,63.328125,0,0.16976054199039936,102180,63.328125,1.0949750104408589,1.0198892384684735,1.003060929020159,1.0849872773536895,1.1032474912662042,1.0,1.0106390036089403,1.0638285378743395
5,7,39,50000,0,0.17904962500324473,50886,63.328125,0,0.16818687500199303,50898,63.328125,0,0.16345875000115484,50886,63.328125,0,0.16668487497372553,50006,63.390625,1.0645873823455188,0.9997642343510551,0.9806453646554361,1.0175978882534096,1.09538109768966,1.0,1.0090110157175585,1.0178378594568651
5,7,40,10000,0,0.16329820797545835,11083,63.390625,0,0.7883611249853857,6,63.390625,0,0.7905756250256673,11083,63.390625,0,0.8074907910195179,10224,63.390625,0.2071363018800369,1847.1666666666667,0.9790521871184512,1.0840179968701096,0.20655608749657142,1.0,0.9763097409321788,0.0005868544600938967
5,7,41,50000,0,0.1735710829962045,49994,63.390625,0,0.16610749997198582,50006,63.390625,0,0.17118083400418982,49994,63.390625,0,0.16453258402179927,50006,63.390625,1.0449322458376498,0.9997600287965445,1.0404068897471987,0.9997600287965445,1.0139632979703568,1.0,1.0095720611181667,1.0
5,7,42,100000,0,0.18569966702489182,102168,63.390625,0,0.167017208004836,102180,63.390625,0,0.1692647500312887,102168,63.390625,0,0.16862095898250118,100006,63.390625,1.1118594858771371,0.9998825601879037,1.003817977626698,1.0216187028778274,1.0970959221607872,1.0,0.9904890175732447,1.0217386956782593
4,7,0,10000,109,0.15940695797326043,20533,63.390625,0,0.777757333999034,7,63.390625,109,0.7847700839629397,20533,63.390625,109,0.7802799999481067,10223,63.390625,0.20495719037920176,2933.285714285714,1.0057544522673034,2.008510222048322,0.2031256813056451,1.0,0.9967669734592192,0.0006847305096351364
4,7,1,50000,0,0.17070674995193258,55352,63.390625,0,0.16165320802247152,51793,63.390625,0,0.16351637500338256,55352,63.390625,0,0.16698908299440518,50007,63.390625,1.0560059527442383,1.0687158496321896,0.979203981908572,1.1068850360949467,1.0439734243643872,1.0,0.9680465640253115,1.035714999900014
4,7,2,100000,0,0.1927915409905836,143470,63.390625,0,0.16812874999595806,125007,63.390625,0,0.1705404170206748,143470,63.390625,0,0.170020374993328,100007,63.390625,1.1466899087468292,1.1476957290391738,1.0030587041545298,1.434599578029538,1.1304741970181256,1.0,0.9888741276012115,1.2499825012249142
4,7,3,50000,0,0.16995633399346843,53925,63.390625,0,0.16576983401319012,53938,63.390625,0,0.16480316600063816,53925,63.390625,0,0.158663708018139,50007,63.390625,1.025254896376051,0.9997589825355038,1.0386947844544088,1.078349031135641,1.0312686225506755,1.0,1.0447873435192798,1.0786089947407362
4,7,4,50000,1162,0.17346362496027723,104056,63.390625,1162,0.16364520898787305,76756,63.390625,1162,0.162891874962952,104056,63.390625,1162,0.16479504201561213,51751,63.390625,1.0599981877448779,1.355672520714993,0.9884513087931381,2.010705107147688,1.0649004132325794,1.0,0.9930226479287517,1.4831790690034976
4,7,5,10000,0,0.16359754098812118,11486,63.390625,0,0.7767660830286331,7,63.390625,0,0.7922239160398021,11486,63.390625,0,0.7785913340048864,10007,63.390625,0.2106136513456531,1640.857142857143,1.0175092907402308,1.1477965424203058,0.2065041684249051,1.0,0.9976557008837169,0.0006995103427600679
4,7,6,100000,0,0.18876637500943616,116844,63.390625,0,0.16957612498663366,116858,63.390625,0,0.16508091700961813,116844,63.390625,0,0.1646609589806758,100007,63.390625,1.1131659897542483,0.9998801964777765,1.0025504408060177,1.1683582149249552,1.1434778678775939,1.0,1.0298502209411686,1.1684982051256412
4,7,7,50000,0,0.173676542006433,95095,63.390625,0,0.16447433299617842,91305,63.390625,0,0.16214233299251646,95095,63.390625,0,0.16202479199273512,50551,63.390625,1.0559492100841559,1.041509227315043,1.0007254507062513,1.8811695119780023,1.0711363207932187,1.0,1.0151183098173835,1.8061957231310952
4,7,8,10000,0,0.16083212499506772,19117,63.390625,0,0.7709571659797803,7,63.390625,0,0.7771804580115713,19117,63.390625,0,0.7734059169888496,10549,63.390625,0.20861356777282467,2731.0,1.0048804139453928,1.8122096881220968,0.20694308939079514,1.0,0.996833808799132,0.0006635700066357001
4,7,9,100000,0,0.1891009170212783,123902,63.390625,0,0.1685914169647731,111962,63.390625,0,0.1664103749790229,123902,63.390625,0,0.16489733301568776,101094,63.390625,1.1216521008349472,1.1066433254139798,1.00917566061054,1.2256118068332442,1.1363529289872443,1.0,1.02240232683893,1.1075039072546342
4,7,10,100000,0,0.18812312500085682,123902,63.390625,0,0.16905825003050268,111962,63.390625,0,0.1661144999670796,123902,63.390625,0,0.16849291598191485,101094,63.390625,1.1127710417380656,1.1066433254139798,0.985884177972856,1.2256118068332442,1.1324906918910682,1.0,1.0033552392710001,1.1075039072546342
4,7,11,50000,0,0.17177679197629914,57456,63.390625,0,0.1624137500184588,57470,63.390625,0,0.1624184170505032,57456,63.390625,0,0.16012175002833828,50007,63.390625,1.0576493182182924,0.9997563946406821,1.0143432545657192,1.1489591457195993,1.0576189270634624,1.0,1.0143141077943183,1.1492391065250864
4,7,12,100000,0,0.19054437498562038,190205,63.390625,0,0.17125600000144914,182614,63.390625,0,0.16874066699529067,190205,63.390625,0,0.16677787504158914,101094,63.390625,1.1126289004998833,1.0415685544372282,1.011768898921467,1.8814667537143648,1.1292143048773076,1.0,1.0268508335337843,1.8063782222486002
4,7,13,10000,109,0.15958729200065136,20533,63.390625,0,0.7701926250010729,7,63.390625,109,0.7763838329701684,20533,63.390625,109,0.7747038749512285,10223,63.390625,0.20720438864294377,2933.285714285714,1.0021685163496126,2.008510222048322,0.20555205456832754,1.0,0.9941768072988668,0.0006847305096351364
4,7,14,50000,0,0.17341858404688537,95641,63.390625,0,0.16546983300941065,72292,63.390625,0,0.1652586660347879,95641,63.390625,0,0.1619711669627577,52724,63.390625,1.0480374633424732,1.3229817960493553,1.0202968166104902,1.8139936271906532,1.0493766421325208,1.0,1.0216005484942725,1.3711402776724073
4,7,15,100000,0,0.18994750001002103,191288,63.390625,0,0.172142666997388,144572,63.390625,0,0.16878837498370558,191288,63.390625,0,0.16601829195860773,105441,63.390625,1.103430679466022,1.3231331101458097,1.0166854085319015,1.8141709581661782,1.1253589000330035,1.0,1.0368897605590788,1.3711174969888373
4,7,16,50000,0,0.1727141669834964,55352,63.390625,0,0.16288824996445328,51793,63.390625,0,0.16169274999992922,55352,63.390625,0,0.1617579169687815,50007,63.390625,1.0603230559674341,1.0687158496321896,0.9995971327396306,1.1068850360949467,1.0681627159138056,1.0,1.0069878063272162,1.035714999900014
4,7,17,100000,0,0.1877630419912748,123902,63.390625,0,0.16920025000581518,111962,63.390625,0,0.1672844160348177,123902,63.390625,0,0.16539224999723956,101094,63.390625,1.109709010387524,1.1066433254139798,1.011440475824047,1.2256118068332442,1.122418013834563,1.0,1.023024053476745,1.1075039072546342
4,7,18,100000,0,0.18701808399055153,116844,63.390625,0,0.1697244580136612,116858,63.390625,0,0.16623529203934595,116844,63.390625,0,0.16499895800370723,100007,63.390625,1.1018923623576888,0.9998801964777765,1.0074929808684667,1.1683582149249552,1.1250203353105461,1.0,1.0286395748623323,1.1684982051256412
4,7,19,10000,109,0.1607262910110876,20533,63.390625,0,0.770608542021364,7,63.390625,109,0.777204875019379,20533,63.390625,109,0.7729906249442138,10223,63.390625,0.2085706065358301,2933.285714285714,1.0054518773438803,2.008510222048322,0.20680041540794505,1.0,0.9969183547044679,0.0006847305096351364
4,7,20,50000,0,0.17380229197442532,71729,63.390625,0,0.16375629202229902,62510,63.390625,0,0.16185099998256192,71729,63.390625,0,0.16262229101266712,50007,63.390625,1.0613472607865249,1.1474804031354984,0.9952571629307256,1.434379186913832,1.0738413231500026,1.0,1.0069732199846058,1.25002499650049
4,7,21,100000,0,0.19008979201316833,190205,63.390625,0,0.171524541976396,182614,63.390625,0,0.17192987503949553,190205,63.390625,0,0.1654790000175126,101094,63.390625,1.1082366979258698,1.0415685544372282,1.0389830432943168,1.8814667537143648,1.1056239758767994,1.0,1.036533590112604,1.8063782222486002
4,7,22,10000,0,0.15926820901222527,19009,63.390625,0,0.7718347500194795,7,63.390625,0,0.7745294169872068,19009,63.390625,0,0.7748802499845624,10116,63.390625,0.20635014037422605,2715.5714285714284,0.9995472423031009,1.8791024120205615,0.20563222715510618,1.0,0.9960697153332485,0.0006919731119019375
4,7,23,100000,2325,0.19312687497586012,208129,63.390625,2325,0.17223374999593943,153497,63.390625,2325,0.17074525001225993,208129,63.390625,2325,0.1670010419911705,103495,63.390625,1.1213067995117871,1.3559157507964326,1.0224202674213696,2.0110053625779023,1.1310819771676994,1.0,1.0313333853632218,1.483134450939659
4,7,24,100000,0,0.1892073749913834,107857,63.390625,0,0.16914499999256805,107871,63.390625,0,0.16599387500900775,107857,63.390625,0,0.16449858399573714,100007,63.390625,1.1186105116893603,0.999870215349816,1.0090899932203026,1.078494505384623,1.1398455212947824,1.0,1.0282459330893166,1.078634495585309
4,7,25,50000,0,0.17192525003338233,71729,63.390625,0,0.16494945797603577,62510,63.390625,0,0.16252800001529977,71729,63.390625,0,0.16052633302751929,50007,63.390625,1.0422904818417773,1.1474804031354984,1.0124693995684642,1.434379186913832,1.0578192681703948,1.0,1.027553890163044,1.25002499650049
4,7,26,10000,0,0.1613674580003135,19009,63.390625,0,0.7749068749835715,7,63.390625,0,0.7800506250350736,19009,63.390625,0,0.7939654589863494,10116,63.390625,0.20824109736248578,2715.5714285714284,0.9824742577982665,1.8791024120205615,0.20686792987706135,1.0,0.9759957013405723,0.0006919731119019375
4,7,27,10000,0,0.16129074996570125,12386,63.390625,0,0.7738524169544689,7,63.390625,0,0.778735791973304,12386,63.390625,0,0.7784858749946579,10116,63.390625,0.208425723603046,1769.4285714285713,1.0003210295609382,1.2243969948596283,0.20711870653459125,1.0,0.9940481154648814,0.0006919731119019375
4,7,28,50000,543,0.17657312500523403,102704,63.390625,543,0.16636574995936826,79904,63.390625,543,0.16387570899678394,102704,63.390625,543,0.16101629100739956,51093,63.390625,1.0613550267910237,1.2853424108930718,1.0177585632577575,2.0101383751198796,1.0774819897725005,1.0,1.0332230913934222,1.5638932926232556
4,7,29,50000,543,0.17463295796187595,102704,63.390625,543,0.16468670801259577,79904,63.390625,543,0.1650577080436051,102704,63.390625,543,0.16200499999104068,51093,63.390625,1.0603949770404024,1.2853424108930718,1.0188432952855357,2.0101383751198796,1.0580115284027891,1.0,1.0165532423178507,1.5638932926232556
4,7,30,50000,0,0.1745607500197366,61945,63.390625,0,0.16397441603476182,55985,63.390625,0,0.1627660000231117,61945,63.390625,0,0.16110870795091614,50550,63.390625,1.0645608884664697,1.106457086719657,1.0102867938876432,1.2254203758654798,1.0724644581482012,1.0,1.0177874189439764,1.1075173095944608
4,7,31,10000,0,0.16103395802201703,11486,63.390625,0,0.7728049999568611,7,63.390625,0,0.7788148339604959,11486,63.390625,0,0.7787332920124754,10007,63.390625,0.20837592669691077,1640.857142857143,1.000104711008065,1.1477965424203058,0.20676796460477437,1.0,0.9923872626014307,0.0006995103427600679
4,7,32,100000,0,0.19133762503042817,114919,63.390625,0,0.17328412499045953,114932,63.390625,0,0.1689089160063304,114919,63.390625,0,0.16923683299683034,100007,63.390625,1.104184385274546,0.9998868896390909,0.9980623781200982,1.1491095623306369,1.132785820632803,1.0,1.0239149594208312,1.1492395532312738
4,7,33,50000,0,0.17712374997790903,95641,63.390625,0,0.16415720799705014,72292,63.390625,0,0.16708045796258375,95641,63.390625,0,0.16503804101375863,52724,63.390625,1.0789885630918619,1.3229817960493553,1.0123754313628508,1.8139936271906532,1.0601105128498893,1.0,0.9946628485693486,1.3711402776724073
4,7,34,10000,0,0.16309687501052395,11486,63.390625,0,0.7841656249947846,7,63.390625,0,0.7830165830091573,11486,63.390625,0,0.7862179999938235,10007,63.390625,0.20798778958413114,1640.857142857143,0.9959280797632574,1.1477965424203058,0.20829300240837498,1.0,0.9973895598942596,0.0006995103427600679
4,7,35,100000,0,0.18720400001620874,107857,63.390625,0,0.1717287499923259,107871,63.390625,0,0.16835887503111735,107857,63.390625,0,0.1650892500183545,100007,63.390625,1.0901144975700015,0.999870215349816,1.0198051963553008,1.078494505384623,1.1119342534310015,1.0,1.0402176396902476,1.078634495585309
4,7,36,10000,0,0.16062166600022465,14344,63.390625,0,0.7826303340261802,7,63.390625,0,0.7879591670352966,14344,63.390625,0,0.7801212909980677,10007,63.390625,0.20523312094730486,2049.1428571428573,1.0100469967012453,1.433396622364345,0.2038451644703432,1.0,1.003216221704323,0.0006995103427600679
4,7,37,50000,0,0.17597679200116545,57456,63.390625,0,0.1659068749868311,57470,63.390625,0,0.16505633399356157,57456,63.390625,0,0.1644853749894537,50007,63.390625,1.0606962008966394,0.9997563946406821,1.0034711840134387,1.1489591457195993,1.066162005076581,1.0,1.0086421057037354,1.1492391065250864
4,7,38,100000,0,0.1937086249818094,191288,63.390625,0,0.1743087499635294,144572,63.390625,0,0.17002875002799556,191288,63.390625,0,0.16704970801947638,105441,63.390625,1.111296048089032,1.3231331101458097,1.017833266779322,1.8141709581661782,1.139269829072524,1.0,1.0434543827110832,1.3711174969888373
4,7,39,50000,0,0.1753598339855671,55352,63.390625,0,0.1636701250099577,51793,63.390625,0,0.16288050002185628,55352,63.390625,0,0.16470170801039785,50007,63.390625,1.0714223745775118,1.0687158496321896,0.9889423855372126,1.1068850360949467,1.0766165008213768,1.0,0.9937366587578131,1.035714999900014
4,7,40,10000,0,0.16464408300817013,19117,63.390625,0,0.7764732089708559,7,63.390625,0,0.794457208015956,19117,63.390625,0,0.7894478339585476,10549,63.390625,0.2120409063776853,2731.0,1.0063454149114448,1.8122096881220968,0.2072409707495075,1.0,0.9835649368715946,0.0006635700066357001
4,7,41,50000,0,0.17741308297263458,71729,63.390625,0,0.16713416698621586,62510,63.390625,0,0.16297087498242036,71729,63.390625,0,0.1653281250037253,50007,63.390625,1.061500985536168,1.1474804031354984,0.9857419902315361,1.434379186913832,1.0886183374285259,1.0,1.0109239851504388,1.25002499650049
4,7,42,100000,1087,0.19369483302580193,205427,63.390625,1087,0.17688962497049943,159791,63.390625,1087,0.17459354101447389,205427,63.390625,1087,0.16644958301912993,102181,63.390625,1.095003921559024,1.2855980624691004,1.0489274761019256,2.010422681320402,1.1094043450882558,1.0,1.062721947162641,1.5638034468247521
3,7,0,10000,0,0.16043479199288413,10212,63.390625,0,0.7853069999837317,6,63.390625,0,0.7849942919565365,10212,63.390625,0,0.7951555420295335,10006,63.390625,0.2042956346959949,1702.0,0.9872210535726611,1.0205876474115532,0.2043770173067285,1.0,0.9876143200603686,0.0005996402158704777
3,7,1,50000,0,0.17316700000083074,50886,63.390625,0,0.16673795896349475,50898,63.390625,0,0.16496316698612645,50886,63.390625,0,0.1688867500051856,50006,63.390625,1.0385577529993848,0.9997642343510551,0.9767679642189889,1.0175978882534096,1.0497313016268306,1.0,0.9872767340148065,1.0178378594568651
3,7,2,100000,0,0.18758633296238258,99994,63.390625,0,0.17204233398661017,100006,63.390625,0,0.16881508298683912,99994,63.390625,0,0.16644120897399262,100006,63.390625,1.0903498494561354,0.999880007199568,1.0142625376700876,0.999880007199568,1.1111941518697526,1.0,1.0336522730587276,1.0
3,7,3,50000,25843,0.18360254203435034,269078,63.390625,25843,0.1692147920257412,69664,63.390625,25843,0.17380241700448096,269078,63.390625,25843,0.16545887500979006,68540,63.390625,1.085026550199113,3.862511483693156,1.0504266815194847,3.925853516194923,1.0563865865548734,1.0,1.0227000033436036,1.0163991829588561
3,7,4,50000,0,0.17351158399833366,50575,63.390625,0,0.16968795901630074,50587,63.390625,0,0.16472595900995657,50575,63.390625,0,0.16320041596191004,50006,63.390625,1.0225332722734064,0.9997627849052128,1.00934766642018,1.0113786345638522,1.0533347933815707,1.0,1.0397520007296113,1.011618605767308
3,7,5,10000,2533,0.15948120801476762,42054,63.390625,0,0.7713355839950964,6,63.390625,2533,0.315561791008804,42054,63.390625,2533,0.7739488750230521,14783,63.390625,0.20675982195549983,7009.0,0.4077295040959973,2.844754109450044,0.5053882078211369,1.0,0.9966234319703897,0.0004058716092809308
3,7,6,100000,29213,0.20153058302821591,430331,63.390625,29213,0.17274216702207923,152818,63.390625,29213,0.1794352089636959,430331,63.390625,29213,0.16909149999264628,143829,63.390625,1.166655406160657,2.8159706317318642,1.0611722586380716,2.9919626779022312,1.1231384531058808,1.0,1.0215898908554937,1.0624978272810073
3,7,7,50000,0,0.17405683401739225,59783,63.390625,0,0.16344066598685458,55988,63.390625,0,0.16241233295295388,59783,63.390625,0,0.1593974579591304,52182,63.390625,1.0649542631660074,1.067782381938987,1.018914197456,1.1456632555287263,1.0716971479488042,1.0,1.0253655740781065,1.0729370280939787
3,7,8,10000,0,0.15835987497121096,11083,63.390625,0,0.7679017080226913,6,63.390625,0,0.7719611249631271,11083,63.390625,0,0.7774247499764897,10224,63.390625,0.20622414733127728,1847.1666666666667,0.9929721493771225,1.0840179968701096,0.2051397017936299,1.0,0.9877505289687698,0.0005868544600938967
3,7,9,100000,0,0.1883928749593906,102167,63.390625,0,0.1689223339781165,102179,63.390625,0,0.16720770800020546,102167,63.390625,0,0.19289562501944602,100006,63.390625,1.115263272314225,0.99988255903855,0.8668299656010813,1.0216087034777914,1.126699703097175,1.0,0.8757188451582936,1.0217286962782233
3,7,10,100000,0,0.20054716698359698,102167,63.390625,0,0.17561166698578745,102179,63.390625,0,0.17138262500520796,102167,63.390625,0,0.16564850002760068,100006,63.390625,1.1419922743505853,0.99988255903855,1.0346162203500293,1.0216087034777914,1.1701721045380347,1.0,1.0601464363186306,1.0217286962782233
3,7,11,50000,12682,0.18629937496734783,210412,63.390625,12682,0.19256612501339987,79112,63.390625,12682,0.16906045901123434,210412,63.390625,12682,0.16403079201700166,73887,63.390625,0.9674566331663165,2.659672363231874,1.0306629440264568,2.8477540027339043,1.1019689409157936,1.0,1.1739632702220968,1.0707160934941193
3,7,12,100000,0,0.19078216602792963,119560,63.390625,0,0.17002683301689103,111963,63.390625,0,0.16751541598932818,119560,63.390625,0,0.16591429198160768,104354,63.390625,1.122070926351823,1.0678527727910112,1.0096503079306633,1.1457155451635779,1.138893187240055,1.0,1.0247871415184608,1.0729152691799069
3,7,13,10000,0,0.16097150003770366,10212,63.390625,0,0.7697336249984801,6,63.390625,0,0.7756207499769516,10212,63.390625,0,0.77395666600205,10006,63.390625,0.2091262416112087,1702.0,1.0021500996735355,1.0205876474115532,0.20753892935753343,1.0,0.9945435691827754,0.0005996402158704777
3,7,14,50000,0,0.17346441699191928,55429,63.390625,0,0.16315804200712591,54354,63.390625,0,0.1599864170420915,55429,63.390625,0,0.16057195799658075,51093,63.390625,1.0631680477284915,1.0197777532472312,0.9963534046554895,1.0848648542853228,1.0842446515086452,1.0,1.0161054523019533,1.063824790088662
3,7,15,100000,0,0.18734929198399186,110864,63.390625,0,0.172210292017553,108702,63.390625,0,0.16553754097549245,110864,63.390625,0,0.16447024996159598,102180,63.390625,1.0879099604853801,1.0198892384684735,1.006489264861856,1.0849872773536895,1.1317631691274705,1.0,1.0470604383331594,1.0638285378743395
3,7,16,50000,0,0.17115516698686406,50886,63.390625,0,0.16317175002768636,50898,63.390625,0,0.1602753329789266,50886,63.390625,0,0.1615677909576334,50006,63.390625,1.0489264652602126,0.9997642343510551,0.9920005220654052,1.0175978882534096,1.0678821488355166,1.0,1.0099274679720882,1.0178378594568651
3,7,17,100000,0,0.18760662502609193,102167,63.390625,0,0.16871837503276765,102179,63.390625,0,0.16556704201502725,102167,63.390625,0,0.16431412502424791,100006,63.390625,1.111951350821485,0.99988255903855,1.0076251325964487,1.0216087034777914,1.133115762308928,1.0,1.0268038429920119,1.0217286962782233
3,7,18,100000,29213,0.19992095901397988,430331,63.390625,29213,0.17368133401032537,152818,63.390625,29213,0.18053008301649243,430331,63.390625,29213,0.16798887494951487,143829,63.390625,1.151079130945036,2.8159706317318642,1.074654991711484,2.9919626779022312,1.1074107742791874,1.0,1.033885928830235,1.0624978272810073
3,7,19,10000,0,0.15945716598071158,10212,63.390625,0,0.7667199579882436,6,63.390625,0,0.7688038749620318,10212,63.390625,0,0.7717790000024252,10006,63.390625,0.20797315149993345,1702.0,0.9961451075497209,1.0205876474115532,0.20740942023553996,1.0,0.9934449602617256,0.0005996402158704777
3,7,20,50000,0,0.1721788329887204,49994,63.390625,0,0.1628307499922812,50006,63.390625,0,0.1613737079896964,49994,63.390625,0,0.15963374997954816,50006,63.390625,1.0574098135449375,0.9997600287965445,1.0108996876310379,0.9997600287965445,1.0669571588434583,1.0,1.0200270933505142,1.0
3,7,21,100000,0,0.18750862503657117,119560,63.390625,0,0.16886370803695172,111963,63.390625,0,0.16533033299492672,119560,63.390625,0,0.16518541699042544,104354,63.390625,1.110413997278441,1.0678527727910112,1.0008772929665437,1.1457155451635779,1.1341453297763877,1.0,1.022267649975055,1.0729152691799069
3,7,22,10000,0,0.15868712501833215,11954,63.390625,0,0.7692398329963908,6,63.390625,0,0.7693667080020532,11954,63.390625,0,0.770336874993518,10442,63.390625,0.20629083182055746,1992.3333333333333,0.9987405938584039,1.144799846772649,0.2062568127368317,1.0,0.9985758931803226,0.0005746025665581306
3,7,23,100000,0,0.18739437498152256,101157,63.390625,0,0.16867104201810434,101169,63.390625,0,0.16509237501304597,101157,63.390625,0,0.16406987502705306,100006,63.390625,1.1110050233839697,0.9998813865907541,1.0062321007182111,1.0115093094414336,1.1350880073456708,1.0,1.028043947679564,1.0116293022418654
3,7,24,100000,51690,0.20279987499816343,538201,63.390625,51690,0.1737750000320375,139326,63.390625,51690,0.18356966698775068,538201,63.390625,51690,0.16755770897725597,137079,63.453125,1.1670256076004883,3.8628899128662275,1.0955608554702079,3.9262104333997185,1.1047570022104793,1.0,1.037105371592455,1.0163920075285056
3,7,25,50000,0,0.17130591702880338,49994,63.453125,0,0.16265895904507488,50006,63.453125,0,0.16167737497016788,49994,63.453125,0,0.15992766700219363,50006,63.453125,1.053160047466751,0.9997600287965445,1.0109406208492384,0.9997600287965445,1.059554047438067,1.0,1.0170782960451976,1.0
3,7,26,10000,0,0.15891262498917058,11954,63.453125,0,0.767049332964234,6,63.453125,0,0.7765664999606088,11954,63.453125,0,0.7710182499722578,10442,63.453125,0.2071739302282665,1992.3333333333333,1.0071960034519944,1.144799846772649,0.2046349217964352,1.0,0.9948523695669117,0.0005746025665581306
3,7,27,10000,0,0.15999412501696497,10211,63.453125,0,0.7677312910091132,6,63.453125,0,0.7707452499889769,10211,63.453125,0,0.7703498749760911,10006,63.453125,0.20839859842975425,1701.8333333333333,1.0005132408347546,1.0204877073755747,0.20758366661261057,1.0,0.9966007861466075,0.0005996402158704777
3,7,28,50000,0,0.17127724998863414,51082,63.453125,0,0.16214379103621468,51094,63.453125,0,0.16136633302085102,51082,63.453125,0,0.1605645840172656,50006,63.453125,1.0563293783502292,0.999765138763847,1.0049933116228122,1.0215174179098507,1.0614187407140403,1.0,1.0098353384005234,1.0217573891133065
3,7,29,50000,0,0.1717976660002023,51082,63.453125,0,0.1620075000100769,51094,63.453125,0,0.1614215829758905,51082,63.453125,0,0.1608299999497831,50006,63.453125,1.0604303256918133,0.999765138763847,1.0036783126673638,1.0215174179098507,1.0642794032435028,1.0,1.0073213956392557,1.0217573891133065
3,7,30,50000,0,0.1713642500108108,51080,63.453125,0,0.1628402080386877,51092,63.453125,0,0.1613147919997573,51080,63.453125,0,0.1601761250058189,50006,63.453125,1.052346051843031,0.9997651295701871,1.007108843430299,1.0214774227092749,1.0622971885372336,1.0,1.0166322105293284,1.0217173939127304
3,7,31,10000,2533,0.16205475002061576,42054,63.453125,0,0.7675422089523636,6,63.453125,2533,0.7777220410062,42054,63.453125,2533,0.7776763329748064,14783,63.453125,0.21113464266910884,7009.0,1.0000587751349186,2.844754109450044,0.20837103936382312,1.0,0.9869687123129011,0.0004058716092809308
3,7,32,100000,25371,0.1998634590418078,420868,63.453125,25371,0.175786167033948,158212,63.453125,25371,0.18143083300674334,420868,63.625,25371,0.17209358303807676,147764,63.625,1.136969207612394,2.6601522008444367,1.054256816575204,2.848244497983271,1.1015958849418905,1.0,1.0214568372084754,1.0707073441433637
3,7,33,50000,0,0.17527195799630135,55429,63.625,0,0.16514008300146088,54354,63.625,0,0.16345741698751226,55429,63.625,0,0.16357629199046642,51093,63.625,1.061353214862747,1.0197777532472312,0.9992732748645441,1.0848648542853228,1.072279014476851,1.0,1.0095600101455142,1.063824790088662
3,7,34,10000,2533,0.16416975000174716,42054,63.625,0,0.7794776249793358,6,63.625,2533,0.16262445802567527,42054,63.625,2533,0.7891283750068396,14783,63.625,0.21061508982518817,7009.0,0.20608111832788392,2.844754109450044,1.0095022113821768,1.0,0.9877703674925893,0.0004058716092809308
3,7,35,100000,51690,0.20554120803717524,538201,63.625,51690,0.17710633302340284,139326,63.625,51690,0.185254292038735,538201,63.625,51690,0.16999475000193343,137079,64.453125,1.1605525591793209,3.8628899128662275,1.08976478412791,3.9262104333997185,1.1095084803444037,1.0,1.041834133238753,1.0163920075285056
3,7,36,10000,0,0.1618175000185147,9994,64.453125,0,0.7811976249795407,6,64.453125,0,0.7838844169746153,9994,64.453125,0,0.7852366250008345,10006,64.453125,0.2071402867139447,1665.6666666666667,0.998277961084383,0.998800719568259,0.20643030594107967,1.0,0.9948563275161937,0.0005996402158704777
3,7,37,50000,12682,0.1807591249817051,210412,64.453125,12682,0.16718995803967118,79112,64.453125,12682,0.16990845801774412,210412,64.453125,12682,0.16524587495950982,73887,64.453125,1.0811601791228047,2.659672363231874,1.0282160329834362,2.8477540027339043,1.0638618411970273,1.0,1.0117647903806235,1.0707160934941193
3,7,38,100000,0,0.189210583048407,110864,64.453125,0,0.1703032919904217,108702,64.453125,0,0.1676842499873601,110864,64.453125,0,0.16683833400020376,102180,64.453125,1.1110212893538702,1.0198892384684735,1.005070273520924,1.0849872773536895,1.1283742096390659,1.0,1.0207683564510643,1.0638285378743395
3,7,39,50000,0,0.17433316598180681,50886,64.453125,0,0.16495383298024535,50898,64.453125,0,0.16356687498046085,50886,64.453125,0,0.163417458999902,50006,64.453125,1.056860351966994,0.9997642343510551,1.000914320792119,1.0175978882534096,1.0658219520464156,1.0,1.0094015290027503,1.0178378594568651
3,7,40,10000,0,0.1624758340185508,11083,64.453125,0,0.7844470409909263,6,64.453125,0,0.7868945830268785,11083,64.453125,0,0.7842533329967409,10224,64.453125,0.2071214824308709,1847.1666666666667,1.0033678531145607,1.0840179968701096,0.2064772556872475,1.0,1.0002469967114391,0.0005868544600938967
3,7,41,50000,0,0.1758103750180453,49994,64.453125,0,0.16448641597526148,50006,64.453125,0,0.16314466699259356,49994,64.453125,0,0.16346891596913338,50006,64.453125,1.0688443417995497,0.9997600287965445,0.9980164487259398,0.9997600287965445,1.077634827168618,1.0,1.0062244249929462,1.0
3,7,42,100000,0,0.18941512500168756,102168,64.453125,0,0.17169774998910725,102180,64.453125,0,0.16770812502363697,102168,64.453125,0,0.16921104199718684,100006,64.453125,1.1031893255077851,0.9998825601879037,0.9911180916102694,1.0216187028778274,1.129433204115729,1.0,1.014695896689542,1.0217386956782593
6,7,0,10000,0,0.16269345802720636,10212,64.453125,0,0.7842764999950305,11,64.453125,0,0.8030654999893159,10212,64.453125,0,0.7830269169644453,10011,64.453125,0.2074440047970802,928.3636363636364,1.0255911803167048,1.0200779142942762,0.20259052098411756,1.0,1.001595836622615,0.0010987913295375088
6,7,1,50000,0,0.17585804098052904,50886,64.453125,0,0.1649266660097055,50903,64.453125,0,0.1637404999928549,50886,64.453125,0,0.1626300000352785,50011,64.453125,1.0662802155364024,0.9996660314716225,1.0068283831847475,1.0174961508468137,1.0740045437030112,1.0,1.014122031445175,1.017836076063266
6,7,2,100000,0,0.18817999999737367,99994,64.453125,0,0.16965054196771234,100011,64.453125,0,0.16803154099034145,99994,64.453125,0,0.16697979101445526,100011,64.453125,1.1092213311831791,0.9998300186979432,1.0062986662607283,0.9998300186979432,1.1199087914583272,1.0,1.015994456197552,1.0
6,7,3,50000,2808,0.18313495797337964,269078,64.453125,2808,0.1676659579970874,78664,64.453125,2808,0.17231445800280198,269078,64.453125,2808,0.164200457977131,51697,64.453125,1.0922608271892675,3.420599003356046,1.049415209467936,5.204905507089387,1.0627950788110985,1.0,1.0211053005737598,1.5216356848559878
6,7,4,50000,0,0.17618233303073794,50575,64.453125,0,0.16562904202146456,50592,64.453125,0,0.163322624983266,50575,64.453125,0,0.1630192089942284,50011,64.453125,1.0637164284745773,0.9996639784946236,1.0018612284460806,1.0112775189458318,1.078738068585351,1.0,1.0160093589175039,1.0116174441622843
6,7,5,10000,298,0.16324812499806285,42054,64.453125,0,0.7814501670072787,11,64.453125,298,0.7907067920314148,42054,64.453125,298,0.7865862909820862,13000,64.453125,0.20890407589680932,3823.090909090909,1.005238460289187,3.234923076923077,0.20645848327502034,1.0,0.993470361696242,0.0008461538461538462
6,7,6,100000,4494,0.20721512497402728,430331,64.453125,4494,0.17532341700280085,155072,64.453125,4494,0.18229170801350847,430331,64.453125,4494,0.16908383299596608,116870,64.453125,1.1819021584020173,2.775039981427982,1.0781143577331695,3.682133995037221,1.1367227134581015,1.0,1.036902309915009,1.3268760160862496
6,7,7,50000,0,0.17477149999467656,59783,64.453125,0,0.16475020901998505,55993,64.453125,0,0.16313966701272875,59783,64.453125,0,0.16930616600438952,52187,64.453125,1.0608271821583903,1.06768703230761,0.9635778239080738,1.1455534903328415,1.0712998450649054,1.0,0.9730904249270735,1.072930040048288
6,7,8,10000,0,0.16163862502435222,11083,64.453125,0,0.7841379590099677,11,64.453125,0,0.7899594159680419,11083,64.453125,0,0.7856921660131775,10229,64.453125,0.2061354423250125,1007.5454545454545,1.0054311982980786,1.0834881220060613,0.20461636605252057,1.0,0.998021862670343,0.0010753739368462216
6,7,9,100000,0,0.19169799995142967,102167,64.453125,0,0.17108370800269768,102184,64.453125,0,0.1695212500053458,102167,64.453125,0,0.16730487497989088,100011,64.453125,1.120492431391579,0.9998336334455492,1.0132475220804014,1.0215576286608472,1.1308198821409383,1.0,1.0225865087509314,1.021727609962904
6,7,10,100000,0,0.18978383304784074,102167,64.453125,0,0.1705609579803422,102184,64.453125,0,0.16804458398837596,102167,64.453125,0,0.1679608339909464,100011,64.453125,1.112703840873795,0.9998336334455492,1.0004986281351405,1.0215576286608472,1.1293659607677005,1.0,1.0154805375015936,1.021727609962904
6,7,11,50000,1492,0.18040474998997524,210412,64.453125,1492,0.1670112920110114,82847,64.453125,1492,0.1704768329509534,210412,64.453125,1492,0.16513958299765363,64940,64.453125,1.0801949246526443,2.5397660748126065,1.0323196283799239,3.2400985525100094,1.0582361653907433,1.0,1.011334102820063,1.2757468432399137
6,7,12,100000,0,0.19311854196712375,119560,64.453125,0,0.17325408302713186,111968,64.453125,0,0.17003279097843915,119560,64.453125,0,0.16811712499475107,104359,64.453125,1.1146550695540092,1.0678050871677622,1.0113948295496245,1.14566065217183,1.1357723463564857,1.0,1.0305558284591243,1.0729117756973523
6,7,13,10000,0,0.1628152919583954,10212,64.453125,0,0.7838675419916399,11,64.453125,0,0.7893768750363961,10212,64.453125,0,0.7854674590053037,10011,64.453125,0.20770765880255296,928.3636363636364,1.0049771839511255,1.0200779142942762,0.20625799552449317,1.0,0.9979631021052229,0.0010987913295375088
6,7,14,50000,0,0.17593650001799688,55429,64.453125,0,0.16490445897215977,54359,64.453125,0,0.16315058298641816,55429,64.453125,0,0.1652780000003986,51098,64.453125,1.0668995921310993,1.0196839529792674,0.9871282504993083,1.0847586989706055,1.0783688099517432,1.0,0.9977399228679078,1.0638185447571333
6,7,15,100000,0,0.19031108304625377,110864,64.453125,0,0.17142095899907872,108707,64.453125,0,0.168492041004356,110864,64.453125,0,0.16746204200899228,102185,64.453125,1.1101972836779928,1.0198423284609086,1.0061506415603627,1.0849341879923668,1.1294959804144915,1.0,1.0236406826442128,1.0638254146890445
6,7,16,50000,0,0.17602725001052022,50886,64.453125,0,0.16568504105089232,50903,64.453125,0,0.16344154201215133,50886,64.453125,0,0.16432095901109278,50011,64.453125,1.0624208974692602,0.9996660314716225,0.994648175106609,1.0174961508468137,1.0770043395542193,1.0,1.0083013271588042,1.017836076063266
6,7,17,100000,0,0.1903036249568686,102167,64.453125,0,0.1712615419528447,102184,64.453125,0,0.16893495799740776,102167,64.453125,0,0.16844266699627042,100011,64.453125,1.1111871514578968,0.9998336334455492,1.002922602746181,1.0215576286608472,1.126490497957141,1.0,1.016734922373538,1.021727609962904
6,7,18,100000,4494,0.2016285420395434,430331,64.453125,4494,0.17507320799631998,155072,64.453125,4494,0.1818615829688497,430331,64.453125,4494,0.16945816698716953,116870,64.453125,1.1516813129041514,2.775039981427982,1.073194560062834,3.682133995037221,1.1086923293419233,1.0,1.0331352634634339,1.3268760160862496
6,7,19,10000,0,0.1630833750241436,10212,64.453125,0,0.7840589169645682,11,64.453125,0,0.7878272500238381,10212,64.453125,0,0.7869839170016348,10011,64.453125,0.20799887801226727,928.3636363636364,1.0010716013427776,1.0200779142942762,0.20700397837115816,1.0,0.9962832785094126,0.0010987913295375088
6,7,20,50000,0,0.17589133401634172,49994,64.453125,0,0.16492366598686203,50011,64.453125,0,0.16380662500159815,49994,64.453125,0,0.16361883300123736,50011,64.453125,1.0665014809357523,0.9996600747835476,1.0011477407393523,0.9996600747835476,1.0737742384633446,1.0,1.007974833713762,1.0
6,7,21,100000,0,0.1899807500303723,119560,64.453125,0,0.17142541595967487,111968,64.453125,0,0.16851483401842415,119560,64.453125,0,0.16854241699911654,104359,64.453125,1.1082414411353232,1.0678050871677622,0.9998363439828175,1.14566065217183,1.1273829460592248,1.0,1.0171054801034058,1.0729117756973523
6,7,22,10000,0,0.16290483303600922,11954,64.453125,0,0.7869544580462389,11,64.453125,0,0.794557832996361,11954,64.453125,0,0.7890853749704547,10447,64.453125,0.2070066842755435,1086.7272727272727,1.0069351912980407,1.1442519383555088,0.20502577190848148,1.0,0.997299510304198,0.001052933856609553
6,7,23,100000,0,0.19182599999476224,101157,64.453125,0,0.17146300000604242,101174,64.453125,0,0.17046816600486636,101157,64.453125,0,0.16926570801297203,100011,64.453125,1.1187603155666366,0.9998319726411924,1.0071039669287425,1.0114587395386507,1.1252892812214932,1.0,1.0129813180641527,1.0116287208407075
6,7,24,100000,5617,0.20459616696462035,538201,64.453125,5617,0.17661475000204518,157319,64.453125,5617,0.18815804203040898,538201,64.453125,5617,0.1698795419652015,103382,64.453125,1.1584319370961438,3.421080734049924,1.1075968292223892,5.2059449420595465,1.0873633927990958,1.0,1.0396469637186998,1.5217252519781006
6,7,25,50000,0,0.17568120796931908,49994,64.453125,0,0.16614687500987202,50011,64.453125,0,0.1641139590064995,49994,64.453125,0,0.16551962500670925,50011,64.453125,1.0573849671194873,0.9996600747835476,0.9915075568824375,0.9996600747835476,1.070483029188038,1.0,1.0037895808617097,1.0
6,7,26,10000,0,0.16186162497615442,11954,64.453125,0,0.7846544169588014,11,64.453125,0,0.7928346249973401,11954,64.453125,0,0.793333999987226,10447,64.453125,0.20628396588080766,1086.7272727272727,0.9993705362559857,1.1442519383555088,0.20415559547074202,1.0,0.989059358317475,0.001052933856609553
6,7,27,10000,0,0.1636353749781847,10211,64.453125,0,0.7846137920278125,11,64.453125,0,0.7867764590191655,10211,64.453125,0,0.7896578750223853,10011,64.453125,0.20855531299707802,928.2727272727273,0.9963510577246658,1.0199780241734093,0.20798204255142644,1.0,0.9936123185063787,0.0010987913295375088
6,7,28,50000,0,0.17606308398535475,51082,64.453125,0,0.16569187497952953,51099,64.453125,0,0.16529195802286267,51082,64.453125,0,0.16346379200695083,50011,64.453125,1.062593346880205,0.9996673124718684,1.0111839202643367,1.0214152886365,1.0651642468958002,1.0,1.0136304373294116,1.0217552138529524
6,7,29,50000,0,0.17524366598809138,51082,64.453125,0,0.16477595799369738,51099,64.453125,0,0.16472937498474494,51082,64.453125,0,0.16392333299154416,50011,64.453125,1.0635269132818175,0.9996673124718684,1.0049171888985589,1.0214152886365,1.0638276628216439,1.0,1.0052013644829758,1.0217552138529524
6,7,30,50000,0,0.17408616695320234,51080,64.453125,0,0.16711012501036748,51097,64.453125,0,0.16462029196554795,51080,64.453125,0,0.16408091696212068,50011,64.453125,1.0417451781715923,0.9996672994500656,1.0032872500557257,1.0213752974345645,1.0575012647264375,1.0,1.0184616718649013,1.0217152226510169
6,7,31,10000,298,0.16514195897616446,42054,64.453125,0,0.7848505000001751,11,64.453125,298,0.16330970800481737,42054,64.453125,298,0.7861390000325628,13000,64.453125,0.21041199435577554,3823.090909090909,0.20773642828819444,3.234923076923077,1.011219485930947,1.0,0.9983609768344602,0.0008461538461538462
6,7,32,100000,2985,0.20185424998635426,420868,64.453125,2985,0.17590108298463747,165678,64.453125,2985,0.18216737499460578,420868,64.453125,2985,0.17257200001040474,129860,64.453125,1.1475441001348663,2.540276922705489,1.0556021543681624,3.240936393038657,1.108070256775295,1.0,1.0192909798462788,1.2758201139688896
6,7,33,50000,0,0.17480499995872378,55429,64.453125,0,0.16598016599891707,54359,64.453125,0,0.16314395901281387,55429,64.453125,0,0.16423649998614565,51098,64.453125,1.0531680029761163,1.0196839529792674,0.993347757816174,1.0847586989706055,1.0714770011496044,1.0,1.0106167996329594,1.0638185447571333
6,7,34,10000,298,0.16209850000450388,42054,64.453125,0,0.7876640830072574,11,64.453125,298,0.4756627499591559,42054,64.453125,298,0.7856415830319747,13000,64.453125,0.20579648545814208,3823.090909090909,0.6054449767328532,3.234923076923077,0.34078451595888665,1.0,1.00257432908207,0.0008461538461538462
6,7,35,100000,5617,0.20550533302593976,538201,64.453125,5617,0.1747935420135036,157319,64.453125,5617,0.18711512500885874,538201,64.453125,5617,0.16951379197416827,103382,64.453125,1.175703236278967,3.421080734049924,1.1038342239277656,5.2059449420595465,1.0982828513526652,1.0,1.031146433442654,1.5217252519781006
6,7,36,10000,0,0.1629866249859333,9994,64.453125,0,0.7837216249899939,11,64.453125,0,0.7865367920021527,9994,64.453125,0,0.7851971249911003,10011,64.453125,0.20796494544604946,908.5454545454545,1.0017061537395053,0.9983018679452602,0.20722059876060728,1.0,0.9981208540452525,0.0010987913295375088
6,7,37,50000,1492,0.18169216602109373,210412,64.453125,1492,0.1683539169607684,82847,64.453125,1492,0.1695752500090748,210412,64.453125,1492,0.1641464590211399,64940,64.453125,1.0792274352810785,2.5397660748126065,1.0330728486030623,3.2400985525100094,1.0714545077266315,1.0,1.0256323405617092,1.2757468432399137
6,7,38,100000,0,0.19119212502846494,110864,64.453125,0,0.1710877919686027,108707,64.453125,0,0.16942408302566037,110864,64.453125,0,0.16686787497019395,102185,64.453125,1.1175088697360225,1.0198423284609086,1.0153187547688434,1.0849341879923668,1.1284825723359981,1.0,1.0252889718836684,1.0638254146890445
6,7,39,50000,0,0.1745000840164721,50886,64.453125,0,0.16610662499442697,50903,64.453125,0,0.19594445900293067,50886,64.453125,0,0.16970720898825675,50011,64.453125,1.0505305494126242,0.9996660314716225,1.1546030376145628,1.0174961508468137,0.8905589109506902,1.0,0.9787835530659222,1.017836076063266
6,7,40,10000,0,0.16510712495073676,11083,64.453125,0,0.7981528340023942,11,64.453125,0,0.7956412500352599,11083,64.453125,0,0.8029477090458386,10229,64.453125,0.206861540693648,1007.5454545454545,0.9909004547515788,1.0834881220060613,0.20751453615988338,1.0,0.9940284093354694,0.0010753739368462216
6,7,41,50000,0,0.17741870804456994,49994,64.453125,0,0.1651661660289392,50011,64.453125,0,0.16555962502025068,49994,64.453125,0,0.16272658301750198,50011,64.453125,1.0741831230343142,0.9996600747835476,1.017409829114669,0.9996600747835476,1.0716302843937264,1.0,1.014991914450602,1.0
6,7,42,100000,0,0.19044008402852342,102168,64.453125,0,0.1713621660019271,102185,64.453125,0,0.17033641698071733,102168,64.453125,0,0.16671091603348032,100011,64.453125,1.111330980879302,0.999833635073641,1.0217472318759793,1.0215676275609682,1.1180233059034104,1.0,1.027900092442133,1.021737608863025
